industry,region,account_manager,contact_channel,prior_brand,fleet_size,credit_score,response_time_hours,distance_to_station_km,has_association,email_valid,promo_offered,season,converted_60d,first_month_volume_l
Mining,MB,DL,Phone,Shell,62,667.2931437854195,10.195665453555488,18.323147815729378,0,1,0,Winter,1,7828.791417432457
Trucking,AB,PP-East,Email,Shell,54,634.857552500931,23.09820707776118,19.836682729247784,0,1,0,Summer,1,6931.871887891141
Services,BC,PP-West,Email,Esso,74,647.4452827373334,23.51858771531292,22.333491725269383,1,1,0,Spring,1,9080.354010863686
Logistics,BC,PP-East,Phone,Chevron,76,654.7159223669022,11.171598806970664,26.22656725375858,1,0,1,Spring,0,0.0
Construction,ON,PP-West,Referral,None,56,609.31570829039,29.903057035101178,5.068670890724489,0,1,1,Spring,1,7820.14833557332
Services,BC,PP-East,LinkedIn,None,30,681.9277624328863,12.476325653527539,12.11118567466009,0,1,1,Spring,1,3852.3325217251995
Mining,AB,PP-West,Phone,Shell,48,800.0,11.839509744438747,12.09022157294928,1,0,1,Fall,1,6903.2760705784385
Mining,SK,ARL,Email,None,34,543.3808016404355,28.25348034257755,11.21541145173994,1,1,1,Fall,0,0.0
Construction,AB,PP-East,Email,None,50,669.4407514513988,14.827132747475593,6.805896643118911,0,0,1,Fall,1,6919.677060689395
Agriculture,AB,DL,Email,None,65,604.3885946828657,3.3381401753045807,0.11550397415142832,1,1,0,Spring,1,10026.835135218054
Trucking,BC,PP-East,WebForm,Chevron,30,684.644154651155,7.062629382833293,12.741435568232031,1,1,1,Summer,0,0.0
Services,BC,PP-East,WebForm,Esso,40,652.7934483996717,28.269057463206195,5.8531547236167,1,1,0,Spring,1,5822.97324719207
Logistics,AB,PP-West,WebForm,Shell,4,695.7112864425478,1.215045305486381,12.687947845981,0,1,0,Fall,0,0.0
Services,AB,PP-West,Referral,None,59,720.5303945905267,29.289911009620173,5.647651666409173,1,0,1,Summer,1,8369.751071486962
Trucking,AB,ARL,Referral,None,39,661.5452670660909,17.448979009577105,3.2027332332452687,0,1,1,Spring,1,5659.949480379834
Construction,AB,PP-East,Referral,None,37,717.9231373048507,6.0760466955756645,13.874386883015182,1,0,0,Spring,0,0.0
Logistics,AB,PP-East,Email,None,43,509.34212637267933,12.168849276973088,13.207372214451969,0,1,0,Spring,1,5722.518261589226
Construction,SK,DL,Email,Shell,18,745.4271378749614,7.827756588983586,16.634255770567464,0,1,0,Summer,1,2384.9358605707553
Services,AB,ARL,Email,Chevron,48,672.5037291135404,26.662252008585284,29.486910131341002,0,1,0,Summer,0,0.0
Logistics,ON,ARL,Phone,None,59,714.6706013447109,25.324278097628383,14.218316249686774,0,1,0,Spring,1,7818.598989586643
Mining,ON,PP-East,Email,None,28,576.8074553095087,0.8083886612395332,15.880654136513037,0,0,1,Fall,0,0.0
Trucking,BC,DL,WebForm,None,11,600.1538071036798,13.964078814806658,3.379509369061397,0,1,1,Fall,1,1584.7346596184816
Services,AB,PP-West,Phone,Esso,31,658.7562976486864,9.36814337655723,1.7047404757090039,0,0,0,Spring,0,0.0
Services,BC,DL,Phone,Shell,16,648.9777266397522,30.935099684593702,24.66263557418667,0,0,0,Fall,0,0.0
Mining,MB,PP-West,Email,None,30,666.9841152805993,4.49900881873579,4.612161760533571,1,0,0,Winter,1,4164.866145218273
Construction,SK,DL,Email,Esso,50,715.070909655798,34.04229104685014,3.648447428250863,1,1,0,Fall,1,7390.193338620433
Agriculture,MB,PP-East,Email,None,9,544.086781081829,17.667052604830623,11.687208630267577,1,1,1,Spring,0,0.0
Construction,BC,ARL,WebForm,None,60,708.4291443030386,6.380655936199124,11.278460692980893,0,1,1,Summer,1,7883.3539441170615
Construction,SK,PP-East,Phone,Other,18,650.4969145974757,11.227258159907223,4.779947948453667,0,1,1,Spring,1,2522.777298512978
Logistics,AB,PP-West,LinkedIn,None,71,637.7730883325271,9.983811592315494,9.5602142502952,1,0,0,Spring,1,9819.836273134073
Logistics,SK,PP-West,Email,None,58,561.7330859369066,5.253815979844941,21.835005741200835,0,1,1,Spring,1,6742.53098327626
Services,AB,PP-West,Email,Shell,22,680.1829201026119,18.948268597303755,5.552051129345619,0,1,0,Summer,1,2917.4867358352685
Trucking,SK,ARL,Email,None,45,505.15352893813775,5.720844493081566,0.8506201250706269,1,1,0,Winter,1,6704.219730601249
Trucking,ON,DL,WebForm,Chevron,9,688.9036406743228,3.8036620873818876,19.54074896719834,1,1,1,Fall,0,0.0
Agriculture,AB,ARL,WebForm,None,8,560.4736498716205,14.203235291518268,15.938375295504294,0,1,1,Fall,1,1119.5785012741753
Construction,SK,ARL,Email,None,76,653.2074747570484,0.5,7.035851034810707,1,1,1,Summer,1,10488.66048623127
Construction,AB,PP-East,WebForm,None,64,642.8498697603247,10.478391319324796,0.6573361290153432,0,0,1,Summer,1,9690.235859389433
Agriculture,SK,PP-East,Email,None,13,720.172288837633,8.908971113966441,6.043013148491495,1,1,1,Summer,1,1615.0492169249744
Construction,AB,PP-East,WebForm,None,23,639.2806898591666,9.287839279741858,11.56236450520583,0,1,1,Winter,1,3446.1288808628588
Logistics,ON,PP-West,Email,None,16,608.3516863312601,38.00963101590153,21.325376719070555,0,1,0,Summer,0,0.0
Trucking,AB,PP-East,Email,Esso,32,619.6038382417278,18.564115671695706,3.707344201042744,1,1,0,Winter,1,4433.195377881608
Services,ON,PP-West,WebForm,None,24,726.3729661252798,20.453710089953322,11.323840947908213,0,0,0,Summer,1,3343.7589321691194
Logistics,MB,ARL,Email,None,26,682.1778181508536,0.5,17.401157279159186,1,1,0,Spring,0,0.0
Trucking,BC,ARL,Email,None,42,626.8622011086103,11.460368663630781,7.050138720975365,0,1,0,Summer,1,5992.876324372028
Services,MB,PP-East,Email,None,15,635.8132148021292,20.15302629941512,20.270289343511198,1,1,0,Fall,1,1982.5036588456433
Services,MB,PP-West,Email,None,70,555.9693745648732,7.7547108708699355,2.5403954223485012,1,0,1,Winter,0,0.0
Trucking,ON,ARL,LinkedIn,Shell,58,673.3084520510924,27.080628435179854,14.655963947655476,0,1,1,Summer,0,0.0
Trucking,AB,DL,WebForm,None,61,544.4110575382721,5.973034140989698,13.973465196885952,1,1,1,Spring,1,7986.495609089569
Logistics,BC,PP-East,WebForm,Esso,14,695.1077879501273,15.136338641348244,20.67669113171076,0,1,0,Spring,1,1495.7759611988065
Construction,AB,ARL,Email,Other,56,657.7172955494759,12.139483600244414,16.407395047148324,0,1,1,Summer,1,6995.740353144243
Construction,SK,DL,Phone,None,67,793.2171079744353,19.64320659381916,7.018323933839849,0,1,0,Fall,1,9542.565154404861
Construction,AB,PP-West,Email,None,14,583.9918667765417,11.59509928144574,5.721766022752069,1,1,0,Winter,1,1775.2334981842464
Mining,BC,PP-East,Email,None,60,643.840274537562,15.291063729290627,13.10564103482624,1,0,0,Fall,1,8080.987723732705
Logistics,BC,ARL,Email,Shell,29,757.8972620553837,15.638699082220144,10.440160911041705,1,1,0,Fall,1,3711.1796165305186
Logistics,BC,PP-West,WebForm,None,63,721.4833784174848,10.65612242608699,15.820885838054163,1,1,0,Summer,1,8263.381844276586
Mining,BC,DL,WebForm,Esso,38,608.227276905206,22.850938684971126,18.31493244535764,1,0,1,Summer,0,0.0
Agriculture,MB,PP-West,WebForm,Chevron,64,663.4380457024068,20.383883748374252,16.867613891437433,0,1,1,Spring,1,8531.913995415134
Logistics,MB,ARL,Phone,Esso,12,650.1199613849052,17.113860547468327,10.285800459564278,1,1,1,Winter,1,1710.4567722223487
Construction,BC,PP-East,Phone,None,31,666.9173520436494,13.695416665380419,2.7706960889638435,0,0,0,Summer,0,0.0
Construction,BC,DL,Phone,Other,22,608.0791738409102,25.96544030519997,8.356150009161462,0,1,1,Fall,0,0.0
Logistics,ON,ARL,Phone,None,20,644.640775837956,15.641657561858187,15.330945185111641,0,1,1,Winter,1,2627.955038421042
Agriculture,AB,PP-West,Email,None,25,554.1168574833972,14.93302712174063,3.2764219795961793,0,1,0,Summer,1,3451.3943815143634
Logistics,AB,ARL,Email,None,31,658.107407112085,19.046900298881262,17.05019784097261,0,1,1,Summer,1,3906.5837851134274
Mining,AB,ARL,Email,Other,11,677.0012404053099,34.9658668297085,19.267146378138435,0,1,0,Fall,0,0.0
Logistics,SK,DL,Referral,Shell,56,636.3548352413669,4.596437919787961,13.01493581036674,0,1,0,Spring,1,7343.7828491369
Logistics,BC,PP-East,Phone,Esso,44,553.0969465649127,25.69856893055355,12.510238930499167,0,1,0,Spring,0,0.0
Logistics,MB,PP-West,Referral,None,66,709.3119117710877,0.9317116123810507,1.775293098305573,1,1,1,Spring,1,9470.83485465926
Trucking,SK,PP-West,Email,Other,56,671.8715022795682,20.17273158228624,27.089513268448655,1,1,0,Fall,1,6035.784448067115
Construction,AB,ARL,Phone,None,12,606.4390941379414,33.750828276087304,7.627697655772976,0,1,0,Fall,0,0.0
Trucking,ON,DL,Email,None,6,633.1639731897162,22.88668524467307,3.8731457850319675,0,1,0,Spring,1,996.4501859466292
Construction,MB,ARL,Email,Other,34,559.9598358330896,19.706250785397927,21.881979106482177,0,1,1,Fall,1,3850.3161815718513
Trucking,AB,PP-East,Email,None,39,588.4753923333258,12.395505311969245,12.106844732349384,0,0,0,Summer,0,0.0
Services,AB,PP-West,Email,None,19,617.7313192185717,18.310472004885543,20.839523911661804,1,1,0,Spring,1,2713.241021344615
Construction,AB,PP-East,WebForm,Shell,62,723.705248736809,15.479371845966437,14.215669401754923,0,0,0,Winter,1,8070.986411394342
Construction,AB,PP-East,Email,None,46,611.6297965467514,10.140233920686446,15.66847308969735,1,1,1,Summer,1,6063.271999175369
Trucking,AB,DL,Phone,None,60,688.4128195597256,15.101243845251302,14.904073981716133,1,1,1,Summer,1,8010.657880671389
Trucking,ON,PP-West,Phone,None,9,617.7010278283052,19.983811606264396,17.579906495368,0,1,1,Fall,1,1284.7312778833661
Logistics,BC,DL,Email,None,65,664.8768536511125,10.327829314693597,30.219443588448787,1,1,0,Summer,1,6990.2073623169235
Logistics,AB,ARL,Phone,Esso,17,641.5162698713718,9.937181793153158,19.768050687673504,0,1,0,Winter,0,0.0
Mining,SK,DL,Email,Shell,36,702.3833960055646,4.397565624078256,0.6427145427642795,1,1,1,Summer,1,5047.4323916719295
Logistics,BC,ARL,Referral,None,35,617.9113197068865,21.90725026088896,15.573292122231226,1,1,0,Summer,1,5057.932041434448
Trucking,ON,ARL,WebForm,None,65,555.6483049998535,23.453232619670604,21.131846144825744,1,1,1,Spring,1,7714.0624479297885
Services,MB,ARL,LinkedIn,None,22,567.0830581181821,20.316604442365175,21.621606452289168,1,1,1,Spring,1,2495.837778788084
Construction,BC,DL,Phone,Shell,20,618.0873503634346,27.65170492728666,8.587160135527203,1,1,0,Fall,1,2577.200825643519
Construction,AB,PP-East,Email,Other,27,575.0564017593168,18.878676370807277,21.31955556150502,1,1,1,Summer,0,0.0
Construction,ON,DL,WebForm,Other,29,674.6127209407731,21.920109373657567,19.421939196409642,0,1,1,Summer,1,3916.473486081459
Logistics,SK,DL,Email,None,15,622.0539101085153,21.03837425637563,32.58013949575784,1,0,0,Spring,1,2123.61196467124
Agriculture,ON,PP-West,Email,None,14,792.4763930015858,17.08459980581792,5.999986110011908,1,1,0,Spring,1,1899.8504192122682
Construction,AB,PP-East,Email,None,19,545.737124291772,12.691781718703528,7.940795388796598,0,1,0,Summer,1,2397.321480147199
Agriculture,ON,DL,WebForm,Shell,37,662.2179907225881,40.14152615791911,9.55104761232037,1,1,1,Fall,1,4660.878948184978
Construction,SK,ARL,Phone,None,28,582.3228185896598,13.480490201464914,8.078222799689797,0,1,0,Summer,1,3868.440458306437
Logistics,AB,PP-West,WebForm,Shell,31,620.3959195770393,11.341222888795636,4.879834001891176,0,0,0,Summer,0,0.0
Trucking,BC,ARL,WebForm,Shell,57,658.4851684004326,22.34009823450107,10.101404045389945,0,1,1,Winter,1,7700.015736493938
Trucking,SK,DL,Email,None,20,510.4777175075428,20.51854415295005,8.522404210214926,0,1,0,Fall,0,0.0
Trucking,AB,PP-West,WebForm,None,72,664.2095670072816,3.952084523896726,14.954864477599235,1,1,0,Winter,1,9533.096825579167
Logistics,BC,DL,Email,None,60,764.17444773645,29.226782545637384,8.054225235952714,0,1,1,Fall,1,8460.549758891126
Trucking,MB,PP-East,Phone,None,14,622.7937020978844,17.05805424649167,27.483049468232878,0,0,0,Spring,1,1555.8216599122272
Construction,AB,PP-East,Email,None,25,665.5884714083305,6.890689047842795,12.1070065017269,0,1,0,Fall,0,0.0
Construction,BC,PP-East,Referral,Chevron,15,711.495301587524,29.88784114353874,22.328232441473084,0,1,0,Fall,0,0.0
Services,BC,ARL,Email,None,22,640.1627899983802,24.25675571596154,14.091363301839747,1,1,0,Fall,0,0.0
Services,AB,ARL,Email,None,29,615.142388688111,5.354580080520858,18.611258479146063,1,1,0,Fall,1,3853.0133850978855
Logistics,ON,DL,Phone,Shell,11,513.4558157766949,35.77182840257724,14.233932431468498,0,1,1,Summer,1,1612.2985389617545
Trucking,MB,ARL,Email,Chevron,2,688.4594431636984,24.58797368366193,22.950277055228504,0,1,1,Fall,0,0.0
Services,AB,PP-West,Email,None,35,643.2098954162661,17.89803884374954,12.447514801059206,0,1,0,Winter,1,4418.57678596214
Mining,ON,ARL,Phone,Esso,56,589.2389689167103,33.902188056217796,15.968965664710286,1,1,1,Winter,1,7131.064259722175
Logistics,ON,PP-East,Email,Other,24,657.5958026166616,19.592977838296406,14.93066346920035,0,1,1,Summer,1,2940.827014265856
Trucking,AB,PP-East,WebForm,Shell,68,614.9791785916291,17.71916924895968,9.693716334981449,0,0,1,Fall,0,0.0
Trucking,MB,PP-East,Email,Shell,30,618.2944321330684,11.39699883978011,15.239858551397415,0,1,1,Fall,1,3998.7672395201807
Construction,AB,DL,LinkedIn,None,72,686.3774693665225,23.818504393070786,29.875089969581456,0,1,1,Summer,0,0.0
Services,ON,DL,Phone,Other,19,569.6970553205693,22.7660296732398,9.836824463236464,0,1,1,Summer,1,2695.672782480318
Agriculture,SK,PP-West,LinkedIn,None,43,712.8389171644255,18.146801398897114,15.355719142825986,0,1,0,Summer,0,0.0
Construction,SK,PP-East,Phone,Other,61,566.1388302128958,10.10013646132397,22.062231606955542,1,1,1,Fall,1,7707.7007960384735
Trucking,AB,PP-West,Phone,Shell,5,610.2379154986842,19.29929854166074,21.122026247554242,1,1,0,Fall,0,0.0
Logistics,ON,PP-West,Referral,None,74,765.3767716439946,17.302012142378622,12.093731341754921,0,1,0,Winter,1,9994.950043575212
Construction,AB,PP-East,Email,None,29,717.6412856985453,4.66525681265799,7.067109623658894,1,1,1,Summer,0,0.0
Services,AB,ARL,Email,Chevron,40,655.8562395497264,3.2818764867581436,16.13362254918773,1,1,0,Spring,0,0.0
Mining,AB,PP-East,LinkedIn,Shell,50,593.568187069927,23.651533788097694,5.755794068984422,0,0,0,Fall,0,0.0
Logistics,MB,ARL,WebForm,None,51,618.2436615980064,8.018883150516888,23.75949784752985,0,1,0,Summer,1,5967.767360464442
Trucking,AB,PP-East,Email,Chevron,2,654.3965188751417,20.0541052696126,13.355790969546085,0,0,0,Fall,0,0.0
Logistics,ON,PP-West,Email,Esso,69,652.2513939403759,13.219169422461755,19.997392158975913,1,1,1,Spring,0,0.0
Logistics,SK,DL,WebForm,None,50,644.5477442224422,31.0824660687991,4.783110894551591,0,0,1,Summer,1,7190.9380888038395
Logistics,AB,DL,LinkedIn,None,79,648.150049154949,13.065317908461243,0.42005978640043473,1,1,0,Winter,1,12070.102220848925
Construction,AB,ARL,Referral,None,38,637.1374934176931,24.59484214251896,14.086035073129338,0,1,0,Fall,0,0.0
Trucking,AB,PP-West,Phone,Esso,49,563.4812758615992,14.030861587622084,11.731172480350864,0,1,0,Winter,1,6620.375010616926
Construction,SK,ARL,LinkedIn,None,35,619.00935547035,19.137481534861436,8.067673390742675,1,1,0,Spring,1,4889.020306734121
Agriculture,MB,ARL,Email,Esso,71,704.8774432392108,25.368365309200513,12.67729024586211,0,1,1,Fall,1,9379.49161619827
Trucking,AB,ARL,WebForm,None,66,567.899942146933,13.374442836754199,34.13948713625808,1,1,1,Fall,0,0.0
Construction,MB,ARL,Email,Shell,72,638.6266693076433,27.965548844984042,18.676204378952463,1,1,0,Spring,1,9105.903079356525
Construction,AB,DL,LinkedIn,None,40,600.8147642737493,8.063021228935169,20.39598884690655,1,1,0,Spring,1,4898.654403333786
Logistics,MB,DL,Email,None,63,656.6810257638866,20.94592842558379,18.751495132426847,0,1,1,Winter,1,7978.512181008086
Construction,ON,DL,Phone,Esso,29,626.6820091359909,27.22639722787853,23.835697150817545,1,1,1,Fall,1,3085.393230577698
Services,MB,ARL,LinkedIn,None,37,738.6436198984801,24.60037491790335,10.47942661679404,0,1,0,Winter,0,0.0
Logistics,SK,ARL,Phone,None,61,680.3949892514153,37.1644487673541,4.43809046140235,0,1,0,Winter,1,9008.243596207152
Trucking,MB,DL,WebForm,Other,7,571.2918100533673,10.365606826893394,10.491310935951923,1,0,0,Spring,1,832.4119583238656
Logistics,AB,ARL,Email,Other,57,690.2736806968219,4.2085074865141205,18.493885679972013,1,1,1,Winter,1,7066.53561274194
Construction,AB,PP-East,Phone,Esso,2,603.5208886242763,8.056648915048806,4.241596839079411,0,1,0,Winter,1,551.3011352051816
Services,AB,ARL,Email,None,46,615.3802177173479,24.60442566548437,10.589072396085356,0,1,0,Summer,1,6559.179217415458
Agriculture,BC,DL,Email,Shell,38,668.8291412064273,22.979229342693785,6.465842055981495,1,1,1,Summer,1,5496.270596773107
Mining,SK,DL,Email,Esso,38,620.4951548161919,19.022566596474157,24.016234014745045,1,0,1,Spring,1,4468.205417491877
Construction,SK,DL,Email,None,40,703.5713489793773,6.7704295089287,17.99565612325251,0,1,0,Fall,1,5052.3229808141095
Agriculture,ON,ARL,Email,None,39,603.5293963091963,25.66867293329061,17.212324965151673,1,1,0,Summer,1,4850.069165633864
Agriculture,AB,ARL,LinkedIn,Esso,33,612.8632068445182,5.752952223494596,16.97281050496777,0,0,0,Winter,1,4050.91694286435
Services,SK,PP-West,LinkedIn,None,36,610.6177463871135,29.589495823769,11.702005979582985,0,0,1,Summer,1,4664.526433257079
Logistics,AB,ARL,LinkedIn,Shell,45,616.0616750986976,46.57438423139865,13.580450260220028,1,1,0,Summer,1,5862.4887915055815
Agriculture,AB,DL,Email,Other,61,715.9514933328687,21.664511465715506,2.5185233557414595,1,1,1,Fall,0,0.0
Trucking,SK,DL,Email,Shell,44,687.7277776166181,23.83108135657743,5.4915358300045405,0,1,1,Winter,1,5985.22450564112
Trucking,ON,DL,Email,None,51,752.5966372407242,13.071402311044405,13.200649042760192,0,1,1,Winter,1,6852.339157474818
Agriculture,SK,DL,WebForm,None,67,786.0586522339553,0.5,14.591922050177155,0,1,1,Spring,1,8874.84564447635
Trucking,AB,PP-East,WebForm,None,79,588.1569780840596,11.972806369697777,21.67411654740302,1,1,0,Spring,1,10049.839542629616
Construction,SK,PP-West,Email,None,9,654.2251476396374,7.071047589012506,24.57068652865894,0,1,0,Fall,0,0.0
Services,AB,ARL,LinkedIn,Esso,57,579.4279810013941,3.529954235849843,24.559987879991574,0,1,1,Summer,1,6859.3209814752545
Services,ON,DL,Email,Esso,18,603.3436443351039,35.22359941995649,4.015811253648978,1,0,0,Summer,0,0.0
Construction,SK,ARL,Email,None,16,612.1950493846598,20.72862518025773,9.181879720401845,0,1,0,Summer,0,0.0
Logistics,AB,DL,Email,None,63,586.5707075517035,21.796875806139838,15.842674367051035,0,1,0,Fall,1,8351.256111344666
Construction,AB,PP-East,Email,Esso,6,586.8867636260952,14.909776348037504,32.25523742193742,0,1,0,Spring,1,813.1315567056122
Logistics,AB,ARL,LinkedIn,None,67,641.3429372887847,16.271289175565638,23.840793629711328,1,1,0,Winter,0,0.0
Trucking,ON,DL,WebForm,None,61,576.9968948968155,27.645506822393333,20.955177295987042,0,1,1,Winter,1,7501.039790171429
Logistics,BC,PP-West,Email,None,79,700.5276175482579,17.676628813047845,8.897696355605675,0,1,1,Spring,1,10899.846463173033
Logistics,MB,ARL,Phone,Chevron,53,594.9347877549492,23.30693938024733,4.9344029507590035,0,1,1,Summer,0,0.0
Mining,SK,DL,LinkedIn,None,69,800.0,16.039957021549842,18.311263067065916,1,0,1,Spring,1,8609.470004742025
Construction,BC,PP-East,Referral,Shell,10,622.9169329421363,14.578471092679528,3.1947098861251195,1,1,0,Spring,1,1335.6646216430986
Services,AB,ARL,Phone,None,71,654.3210585150231,3.930858343981381,10.092509192157578,0,1,1,Spring,1,9529.495456710127
Construction,ON,ARL,Email,Shell,13,572.2795289320379,1.7774906236712802,11.081776407984618,0,1,1,Fall,0,0.0
Construction,AB,ARL,Phone,None,25,752.3655054876583,15.384380989335982,24.743296712982463,1,1,0,Fall,0,0.0
Logistics,BC,PP-West,Email,None,11,717.170040848175,18.564966919932328,9.16242157632258,0,1,1,Winter,1,1342.4042168597346
Trucking,SK,ARL,Referral,None,32,667.8149522441668,5.1386996329120915,7.513997108580924,0,0,0,Winter,0,0.0
Services,SK,ARL,Email,None,60,569.1918470732261,17.65525134965367,16.035557181299747,0,1,0,Winter,0,0.0
Services,ON,ARL,LinkedIn,None,22,662.6400126634773,18.53752562990502,6.407825175168589,0,1,0,Fall,1,3062.800373495031
Trucking,AB,ARL,Email,None,65,582.7141372389647,3.5600800605937906,12.341048195501974,0,1,0,Spring,1,8609.22391827991
Services,BC,PP-East,Email,None,48,737.7413158084016,8.848753405204988,11.306362393263012,0,1,0,Fall,0,0.0
Trucking,BC,ARL,WebForm,None,50,698.5516839111904,22.072638937354686,9.810368033457854,0,1,1,Summer,0,0.0
Agriculture,BC,PP-East,Phone,Other,75,655.7263423092642,21.87058729395744,18.322724654277632,0,0,1,Summer,1,9734.576646402802
Trucking,AB,PP-East,Email,None,35,503.81746020516067,6.463250836002395,0.2629190268216579,1,1,0,Spring,1,5189.353137844113
Services,AB,PP-West,WebForm,Esso,28,590.9950412804582,19.584480504997348,7.863886200365118,0,1,1,Spring,0,0.0
Construction,AB,ARL,WebForm,Other,79,691.2656678959924,28.22407225360472,17.47230330493905,0,1,0,Winter,1,9873.948996168236
Construction,AB,PP-West,Email,None,45,722.7730215033894,25.77072958990898,7.087321797245054,1,1,1,Summer,1,6401.979050964036
Trucking,BC,PP-East,Phone,Shell,49,716.5501886895279,17.047142129860653,0.8704536741597746,0,1,0,Spring,1,7475.72839290295
Services,SK,ARL,Phone,Esso,24,554.4792198655127,13.320236866757076,17.348442746053887,1,1,0,Spring,1,3134.2109689257586
Services,SK,PP-East,Phone,Shell,18,668.0931384087743,11.706555156654955,20.984757043532312,0,1,1,Winter,1,2675.609299803408
Logistics,BC,PP-West,Email,None,14,710.9309129889758,22.678197829096572,11.64003833885595,1,1,1,Fall,1,2182.2568195641043
Services,BC,ARL,Email,None,18,550.4998660650652,19.95103973142888,3.6867647877562604,0,1,1,Fall,0,0.0
Services,AB,PP-West,WebForm,None,16,649.5257290776058,24.294040061022002,17.64775797359053,0,1,1,Spring,0,0.0
Agriculture,BC,DL,WebForm,None,59,666.4305438985074,19.31873813121152,1.2791030513575041,0,1,1,Summer,1,8849.605493859455
Trucking,AB,PP-East,WebForm,Other,5,631.9541249091959,26.18763950347442,14.470394214785326,0,1,0,Fall,0,0.0
Mining,AB,PP-West,Referral,Other,50,538.8702886759279,18.945925329577,4.900289402062722,0,1,0,Summer,1,7426.989573677578
Logistics,BC,DL,LinkedIn,None,75,630.4581133955763,25.846887161316864,2.721285713864278,1,0,0,Summer,1,11067.19956869394
Trucking,BC,PP-West,WebForm,Chevron,61,630.3616741846986,26.708227703666388,8.464719863362479,1,1,0,Spring,1,8555.856892590318
Construction,AB,DL,WebForm,None,32,641.1156557271347,9.954733697751864,10.533619548581921,0,1,0,Summer,1,4516.045951610887
Logistics,BC,PP-East,Phone,Esso,5,616.1917144744958,0.5,6.846333996908414,1,1,0,Summer,1,1051.7763891931343
Trucking,BC,PP-East,Phone,None,66,623.4192708055119,33.434928560145536,16.709626225721205,1,1,0,Summer,1,8555.646906815502
Services,SK,ARL,Email,Other,1,647.6176230591814,20.566587307122617,8.43144497232933,1,1,1,Summer,0,0.0
Construction,SK,DL,Phone,Esso,54,676.5472762981826,0.8551410450387849,19.841526973374577,1,1,0,Summer,1,7062.440853961732
Construction,SK,DL,Email,None,54,631.7343942286,10.861805027812888,14.249385325147836,1,1,1,Winter,0,0.0
Services,AB,ARL,Email,None,16,625.4210642979199,25.718742923698283,6.419542347229536,0,1,1,Fall,0,0.0
Construction,MB,ARL,Phone,Esso,59,655.5412422952675,15.203231688671071,5.072480929341713,1,1,0,Fall,1,8476.941821192853
Construction,BC,DL,Email,None,14,534.7450444462891,12.87938580680873,1.1799703923795093,1,1,0,Winter,1,2118.4267013211183
Logistics,BC,ARL,Email,None,18,678.6221076335875,32.00881860312967,14.32586542293458,0,1,1,Spring,0,0.0
Services,SK,ARL,WebForm,Esso,65,649.9662141726225,7.527128536161895,9.163299621989136,0,1,1,Fall,1,8734.16193552556
Construction,AB,PP-East,WebForm,Shell,78,652.3816115958537,10.018466422451661,6.977564224508114,0,1,0,Spring,1,10711.190566550147
Trucking,BC,PP-East,Email,None,21,707.6440584556678,20.113864750482676,7.714281017844799,1,1,0,Fall,1,2770.0221188810833
Mining,SK,PP-East,Email,None,73,532.8310681971051,21.904549320538823,4.791727765960384,0,1,1,Fall,1,10319.807152753847
Services,ON,DL,Email,None,73,531.5699678084621,22.963430343407314,24.605420737365282,1,1,1,Fall,1,8575.990554920918
Agriculture,ON,PP-West,WebForm,Other,61,666.4282307194112,27.112380445689467,1.6222288951464776,1,1,0,Winter,1,9153.247175163082
Construction,BC,PP-East,WebForm,None,12,649.5729886922891,19.98578620681517,0.4691936021275698,1,1,0,Spring,0,0.0
Construction,BC,ARL,Email,None,24,660.210616591516,22.89383938938409,20.8797571448456,0,0,1,Summer,0,0.0
Construction,MB,ARL,WebForm,None,54,622.2723754896533,15.407907406849167,22.854105259711705,1,1,0,Fall,1,6312.487212961008
Construction,AB,PP-East,Email,Other,79,689.8612204543958,18.626983032367143,6.040136490194868,1,1,1,Winter,1,11161.208081009067
Logistics,MB,ARL,Email,None,65,705.9583305794672,19.075341800536343,6.943313417528713,0,1,0,Spring,1,9303.30731717476
Construction,BC,DL,Referral,Esso,34,679.0389376370916,20.15098135819036,16.929883172426504,1,1,1,Winter,1,4499.470456807234
Agriculture,AB,PP-West,Email,Chevron,19,634.3502924957251,25.725398075827606,6.616798375562482,0,1,0,Fall,0,0.0
Logistics,AB,ARL,Email,Esso,76,523.5386367431358,23.551456819448312,2.889549476044449,1,1,0,Fall,1,11157.825277051688
Logistics,MB,ARL,Email,Other,22,696.1541724822276,18.44217002900183,9.754132793194305,0,1,1,Winter,1,3471.5309188836227
Construction,AB,PP-West,Phone,Esso,28,723.3037199730555,9.908740150589601,24.39912452903301,0,1,0,Winter,0,0.0
Services,AB,PP-East,WebForm,Other,77,688.6735047190388,18.676712580627097,8.514159294666083,0,1,1,Spring,1,10591.874778659901
Logistics,AB,ARL,Referral,None,45,597.2214543579496,17.71982215104256,12.807494333881237,0,1,0,Fall,1,5994.825965846749
Logistics,AB,PP-West,Email,Esso,21,690.4276636200655,19.931815798131982,21.070314180512096,0,0,1,Spring,1,2615.3396742669242
Construction,AB,PP-West,Email,None,1,701.6317824776868,40.06525307140402,28.85507786622517,1,1,1,Spring,1,83.69747652910866
Construction,SK,DL,WebForm,None,34,743.5289748679452,12.762272214587647,7.3852122148134995,0,1,1,Spring,1,4779.857540735125
Services,AB,PP-East,Email,Esso,78,597.4334045463225,22.222890191253597,11.86530621013259,0,1,0,Summer,1,10254.443285124704
Trucking,MB,ARL,WebForm,Other,35,636.4127249273517,28.684620672442982,26.57644177074274,1,1,1,Spring,1,3894.754577512815
Trucking,ON,ARL,LinkedIn,Chevron,56,694.8363230686073,18.98001914099383,0.17759420153142713,1,1,1,Winter,1,8357.7013584785
Agriculture,AB,PP-East,Email,None,20,653.4446042862895,41.37845119172165,20.220648564430576,0,1,1,Fall,0,0.0
Logistics,AB,ARL,WebForm,None,62,582.9603438769235,14.219607082685233,3.853475741109934,1,1,0,Spring,1,8888.117775091981
Services,SK,PP-East,Email,None,62,674.8769771016022,21.240892223200472,12.819778936825253,0,1,0,Spring,1,8271.064415180756
Trucking,AB,PP-West,Email,None,49,684.71969802891,10.011942551070181,10.059047620797806,1,1,0,Summer,1,6746.086304308976
Services,AB,ARL,Phone,None,61,655.2777737798601,14.484752648567069,4.335907194390166,0,1,1,Summer,1,8997.269767732656
Construction,ON,PP-East,Phone,None,46,663.1750956307967,20.48933910396658,4.135184578733799,1,1,1,Winter,1,6642.384539677597
Logistics,ON,ARL,LinkedIn,None,30,634.4776458988562,26.463040623077298,14.211314914030035,1,1,0,Winter,1,4046.896331783524
Logistics,MB,PP-West,LinkedIn,Esso,59,738.6967361429636,21.190948340235742,19.964314625301455,1,1,1,Winter,0,0.0
Construction,AB,ARL,Referral,None,66,595.9584689772394,30.59114849334736,10.962110374491974,0,0,1,Fall,1,9110.04503882411
Construction,SK,PP-East,Referral,Other,67,614.7607542341733,17.050346894073282,12.560905269865732,1,0,0,Summer,1,9073.170243171215
Trucking,SK,PP-East,Phone,Shell,17,650.6591308116515,14.678314701609946,16.56939253032838,0,1,0,Fall,0,0.0
Services,AB,DL,Email,None,54,702.7372416620535,45.039851072793866,4.227049815896321,1,1,1,Summer,1,7957.366229915896
Logistics,SK,PP-East,LinkedIn,None,1,560.1576097943278,21.94237649442031,17.917540067303385,1,1,1,Spring,1,245.3501994921
Services,AB,PP-East,Referral,None,46,571.3821950140737,10.805184540214523,18.554744776477975,1,1,0,Summer,1,5813.418693620961
Services,AB,PP-East,Email,Other,46,527.736289535917,11.057362377519311,32.829010390003276,0,1,1,Summer,1,5061.319747983705
Agriculture,BC,PP-East,Phone,None,29,651.9617135151963,8.573200854686595,8.991166475523341,0,1,1,Spring,1,4236.772000952584
Mining,AB,PP-West,Email,None,79,582.9016509676073,27.365693558567877,8.335345586654979,0,1,1,Fall,1,10896.469709437262
Construction,AB,DL,Email,Other,70,626.926993398925,14.356227071067583,18.151726972589962,0,1,1,Fall,1,8786.042334159005
Construction,MB,DL,LinkedIn,Other,4,689.6826913935025,19.273624756564857,18.552833351297107,0,1,1,Fall,1,543.5221128335868
Services,ON,ARL,Email,None,17,611.5074367530292,17.364913255617314,7.719302772986304,0,1,1,Fall,0,0.0
Mining,BC,PP-East,WebForm,None,17,663.8769213646019,25.314924079409344,8.774698584559609,1,1,0,Spring,1,2198.7163552253073
Construction,MB,DL,WebForm,None,71,632.0397255348967,9.532559071159799,16.329046705744325,0,1,1,Winter,1,9185.84459218253
Agriculture,ON,DL,WebForm,None,41,690.3268589057863,7.244277138569846,5.379326074122709,0,1,0,Spring,1,5855.509783855455
Logistics,AB,ARL,Email,None,58,678.5076840408806,20.242973071815943,8.71572809587988,0,1,1,Summer,1,7625.053689928016
Services,BC,PP-West,Email,Shell,64,608.4839782295234,24.00959284699897,12.716742138947478,1,1,0,Fall,1,8538.74183103245
Logistics,AB,DL,LinkedIn,Esso,61,639.8808947959728,21.325323130976408,19.967509478578066,1,1,1,Spring,1,7596.013835688729
Trucking,AB,PP-East,WebForm,None,8,712.6246038632297,9.905462709026724,7.163211070563674,0,1,0,Spring,1,1096.3093007297596
Trucking,MB,ARL,Phone,Shell,12,673.6026122152458,24.774848420913937,2.7390756962453757,0,1,0,Spring,0,0.0
Trucking,BC,PP-West,WebForm,None,32,566.1822765349322,10.561390729043659,3.3327797401456873,0,1,0,Fall,1,4423.529150692398
Logistics,BC,ARL,Email,Esso,27,689.3370836702829,12.784613552136166,1.9246954663509328,0,1,1,Winter,1,3820.117013769733
Services,AB,ARL,WebForm,Shell,60,584.9233626538257,8.560464752779978,1.4946582544005018,0,1,1,Spring,1,8365.461471256096
Agriculture,AB,PP-West,Email,Esso,13,734.7507841976603,31.01158348652031,10.763113931040728,0,1,0,Winter,1,1678.91606538576
Construction,ON,PP-West,Email,Other,30,711.4459303904615,24.334215410273494,2.48895877121916,1,1,1,Fall,1,4327.5353352540815
Construction,AB,ARL,Phone,None,19,667.393128555104,24.049933756788732,6.3779603214303675,0,1,1,Spring,1,2596.5280070991776
Logistics,AB,DL,Email,None,15,659.4339706061716,30.472114211424504,5.807312920143602,1,1,0,Winter,1,2362.6483506440595
Services,AB,PP-East,Email,None,14,637.4580646383548,46.126492482387235,8.475937113216052,0,1,1,Spring,0,0.0
Construction,BC,PP-West,Email,None,16,690.7114370840017,0.9077389608984454,22.580034652184978,1,1,0,Winter,1,1963.9706518097614
Construction,BC,DL,Email,Other,45,627.7533098322763,10.61623419122892,17.29558071544413,1,1,0,Spring,0,0.0
Logistics,BC,DL,WebForm,None,33,664.1341922383937,11.838249158254762,12.129035322208031,1,1,1,Fall,1,4654.915226580291
Construction,AB,PP-East,Email,Esso,35,702.3160619911671,9.491803776173072,8.311789755353296,0,1,0,Summer,1,4882.407626236123
Services,AB,PP-East,LinkedIn,None,38,616.2916073884646,7.224167523962874,8.534138747015831,0,0,1,Fall,0,0.0
Trucking,MB,PP-East,WebForm,None,59,613.0284356005583,15.003469359446344,14.621971759615596,1,1,1,Summer,1,7428.379847231439
Construction,SK,PP-East,Email,None,69,578.3380711565325,5.833962847105951,16.67335258681832,1,1,1,Fall,1,8823.660440607784
Services,SK,ARL,Email,Shell,42,586.1316352324296,21.35042367537413,4.7390599511951965,0,1,1,Spring,0,0.0
Construction,SK,PP-West,WebForm,Chevron,51,540.2962813135099,18.516983214286146,12.291846044913852,0,1,1,Fall,0,0.0
Trucking,MB,PP-West,WebForm,None,59,693.7897273409318,22.810286647636552,4.252956549304216,0,0,1,Winter,1,8548.666523726708
Construction,AB,PP-East,Phone,None,55,758.5348725249662,23.077284516382527,13.693710273364776,1,0,0,Spring,1,7155.48631568211
Construction,AB,ARL,WebForm,Chevron,11,735.5197366082183,24.030068534266764,18.097193935669488,1,1,0,Summer,0,0.0
Construction,BC,ARL,Email,None,78,552.434930682409,14.265910631761177,9.759450984952997,1,1,1,Spring,1,10858.844508228203
Construction,AB,PP-East,Email,Other,14,693.491280293372,39.211434026336676,26.53221596912084,1,1,0,Spring,0,0.0
Construction,MB,ARL,LinkedIn,None,33,735.3263809954134,20.34431116482098,4.950092420511597,0,0,0,Winter,0,0.0
Construction,BC,PP-West,Email,None,52,622.5914011556802,0.6248475262479509,13.73952332242609,0,1,0,Winter,0,0.0
Logistics,MB,DL,WebForm,None,32,656.086845839003,7.976242542337825,11.713402026672355,0,1,1,Summer,1,4418.719809579679
Logistics,ON,PP-East,Phone,None,20,529.5264169517197,0.5949701097218423,11.197618660452733,1,1,0,Fall,1,2676.1271991009703
Trucking,BC,PP-West,WebForm,None,73,666.0041700785985,18.173346291513074,11.085422655962018,0,1,0,Winter,1,10051.44331335283
Trucking,ON,DL,Phone,None,6,586.1864162339169,16.781947759466664,12.856840240075773,0,1,0,Spring,1,837.7613724250916
Agriculture,BC,DL,Email,Other,20,661.9781010746909,13.31574302100542,18.783669947709598,0,0,0,Fall,0,0.0
Services,ON,PP-East,Email,None,79,556.3278246686672,38.109261124005144,23.021889890197954,0,1,1,Fall,0,0.0
Services,AB,PP-East,Email,None,58,682.5714934686557,23.48982874076911,11.98199804396674,0,1,0,Winter,1,7760.969265890308
Construction,BC,DL,WebForm,None,7,711.4707605256013,25.260983614463346,18.522528577373066,0,1,1,Summer,1,1043.0783350379675
Construction,BC,PP-East,Email,None,60,603.0092082970899,8.689265120578968,6.38586442986574,0,1,1,Winter,1,8037.3373112209265
Construction,AB,PP-West,Email,Shell,77,581.7846451153739,8.008551086689877,18.127643621809863,1,1,0,Winter,1,10060.508477956986
Construction,AB,DL,Email,None,8,520.6386174470011,18.368054990969547,5.9040678093840775,0,1,1,Winter,1,1434.7120708370755
Logistics,ON,ARL,Email,Shell,33,634.0151879554894,19.73007139652226,20.725279488705056,0,0,1,Summer,0,0.0
Trucking,SK,DL,WebForm,None,37,615.1043639431036,0.5631156711445691,29.685127019145916,0,1,1,Winter,0,0.0
Construction,AB,DL,Email,Other,11,556.9388352591167,16.19692977150466,11.023328896228866,1,1,0,Spring,0,0.0
Trucking,AB,ARL,Referral,None,16,677.1811253787303,18.14072082873505,5.540347926459269,0,0,0,Winter,1,2160.6363275426697
Agriculture,AB,ARL,Email,Esso,14,623.001777088121,15.84850834228871,7.615416534041416,1,1,1,Spring,1,2076.1546717421434
Construction,AB,PP-East,LinkedIn,None,15,585.455842481286,9.866095876533237,21.855001074314426,1,1,1,Summer,1,1678.4926358820935
Services,ON,DL,Email,None,32,616.7256556615732,12.6046481807886,16.42461429620196,1,0,1,Spring,0,0.0
Construction,BC,PP-West,Email,Esso,37,714.2782723357769,16.23140806427204,13.991308789400236,0,0,1,Spring,0,0.0
Services,AB,ARL,WebForm,Shell,19,686.1762166253134,18.908000236100477,20.069346847638712,1,1,0,Summer,1,2568.284550508621
Construction,BC,ARL,Referral,Esso,23,642.1984363100906,24.04791582550568,15.875627513987375,0,1,1,Summer,0,0.0
Services,AB,PP-East,WebForm,None,16,687.1463011078912,28.808562049508712,21.74180149960909,0,1,0,Winter,0,0.0
Services,AB,PP-West,Email,Shell,63,580.3452826167957,15.056522764727502,19.355389413175885,0,1,1,Fall,1,7796.6437632208645
Services,SK,ARL,Email,Esso,17,651.9422060436218,13.43843803884642,24.173603621895673,0,0,0,Fall,1,2182.838836327815
Services,SK,ARL,LinkedIn,Shell,72,658.8393398291882,22.376556735343062,14.870368671250034,0,1,0,Summer,1,9261.669863425417
Mining,ON,ARL,Email,None,43,621.8098094900764,24.108449164108542,19.242075211951637,0,1,1,Summer,1,5487.08098516479
Logistics,SK,DL,LinkedIn,Shell,64,676.1275001574451,13.657995667411145,9.542983415313717,0,1,1,Summer,1,8985.930688901763
